id,firstName,lastName,email,gender,ipAddress
1,Marj,Katt,mkatt0@4shared.com,Female,192.230.21.164
2,Isis,Wannan,iwannan1@jimdo.com,Female,181.9.252.111
3,Bradford,Gecks,bgecks2@lulu.com,Male,37.159.132.120
4,Shirley,Hrishanok,shrishanok3@guardian.co.uk,Female,43.5.242.81
5,Eugenio,Jakaway,ejakaway4@samsung.com,Male,96.89.127.224
6,Bel,Bertome,bbertome5@tiny.cc,Female,68.37.216.200
7,Meta,Conwell,mconwell6@themeforest.net,Female,144.242.50.228
8,Sue,Mintrim,smintrim7@bloomberg.com,Female,115.57.40.200
9,Winne,Sealey,wsealey8@free.fr,Female,221.48.128.76
10,Lothario,Maffia,lmaffia9@utexas.edu,Male,47.109.74.251
11,Zelda,Warmisham,zwarmishama@elegantthemes.com,Female,71.136.102.50
12,Duke,Causley,dcausleyb@blog.com,Male,163.190.218.88
13,Shayne,Twitchings,stwitchingsc@flavors.me,Male,222.34.79.51
14,Drona,Dedmam,ddedmamd@oakley.com,Female,57.97.174.152
15,Lily,Fitzsymonds,lfitzsymondse@t-online.de,Female,106.208.188.79
16,Wendell,Spavins,wspavinsf@thetimes.co.uk,Male,60.255.247.156
17,Robin,Tirrell,rtirrellg@homestead.com,Male,63.61.114.230
18,Hayes,Simmonett,hsimmonetth@example.com,Male,123.251.22.148
19,Walton,Schoales,wschoalesi@latimes.com,Male,203.81.18.224
20,Gilberta,O'Duane,goduanej@sciencedaily.com,Female,57.100.55.235
21,Horatius,Chateau,hchateauk@earthlink.net,Male,112.11.49.35
22,Bernelle,Gladwin,bgladwinl@unicef.org,Female,107.141.139.134
23,Prudy,Dumke,pdumkem@instagram.com,Female,137.36.152.247
24,Natalina,Abramsky,nabramskyn@forbes.com,Female,23.179.80.76
25,Emlynne,Rann,eranno@nationalgeographic.com,Female,150.227.236.1
26,Joan,Shuttlewood,jshuttlewoodp@de.vu,Female,202.70.76.95
27,Percy,Kearney,pkearneyq@apple.com,Male,59.189.141.168
28,Gwenni,Viall,gviallr@paginegialle.it,Female,155.36.169.61
29,Nesta,Waind,nwainds@angelfire.com,Female,25.108.23.253
30,Noel,McCullum,nmccullumt@xrea.com,Female,127.44.197.74
31,Audie,O'Hingerty,aohingertyu@forbes.com,Female,96.83.66.173
32,Randall,Outibridge,routibridgev@bing.com,Male,6.82.109.91
33,Ring,Smorfit,rsmorfitw@acquirethisname.com,Male,136.74.204.86
34,Dante,Leek,dleekx@edublogs.org,Male,249.74.67.220
35,Candida,Gregolin,cgregoliny@ibm.com,Female,66.75.228.192
36,Hillel,Dilley,hdilleyz@microsoft.com,Male,110.228.141.16
37,Hewe,Ingles,hingles10@ed.gov,Male,15.88.152.121
38,Dorry,Byk,dbyk11@stumbleupon.com,Female,117.69.125.171
39,Albert,Redhole,aredhole12@indiegogo.com,Male,123.87.105.178
40,Gerard,Reisk,greisk13@usda.gov,Male,30.182.74.130
41,Desmond,Wilcocks,dwilcocks14@hc360.com,Male,157.79.72.207
42,Giusto,Tattersill,gtattersill15@edublogs.org,Male,140.208.230.237
43,Desiri,Ouldred,douldred16@blogs.com,Female,134.63.152.92
44,Natal,Howkins,nhowkins17@sogou.com,Male,79.137.230.173
45,Noami,Moutray Read,nmoutrayread18@earthlink.net,Female,222.107.245.188
46,Amii,MacTeague,amacteague19@shinystat.com,Female,142.46.97.151
47,Hamid,Littledike,hlittledike1a@yandex.ru,Male,148.182.25.76
48,Rasia,Locke,rlocke1b@webeden.co.uk,Female,28.93.60.227
49,Beale,Roelvink,broelvink1c@scribd.com,Male,106.253.95.30
50,Shea,Holttom,sholttom1d@hao123.com,Female,36.187.148.240
51,Natasha,Hiddsley,nhiddsley1e@pcworld.com,Female,160.51.166.215
52,Kaylil,Lygoe,klygoe1f@woothemes.com,Female,81.211.173.154
53,Alidia,Wheeldon,awheeldon1g@mozilla.org,Female,226.157.15.99
54,Garrott,Kings,gkings1h@bluehost.com,Male,143.201.204.240
55,Hoyt,Gledhall,hgledhall1i@census.gov,Male,255.20.73.110
56,Camile,O'Sesnane,cosesnane1j@dyndns.org,Female,230.129.147.82
57,Blondelle,Rutherfoord,brutherfoord1k@hexun.com,Female,249.103.34.77
58,Sharona,Trinkwon,strinkwon1l@scientificamerican.com,Female,75.23.131.215
59,Free,Gorick,fgorick1m@privacy.gov.au,Male,108.252.70.193
60,Hillie,Nanelli,hnanelli1n@seattletimes.com,Male,28.48.220.79
61,Jess,Cowlas,jcowlas1o@mayoclinic.com,Female,116.58.197.185
62,Marley,Sissland,msissland1p@dagondesign.com,Female,5.64.199.129
63,Elfie,Feander,efeander1q@gizmodo.com,Female,24.73.70.16
64,Joey,Holliar,jholliar1r@reddit.com,Male,93.148.101.40
65,Nathaniel,Matyushkin,nmatyushkin1s@parallels.com,Male,119.210.85.151
66,Sandie,Newitt,snewitt1t@princeton.edu,Female,247.176.21.166
67,Jon,Crosgrove,jcrosgrove1u@soup.io,Male,155.171.33.255
68,Billie,Belchem,bbelchem1v@google.de,Female,86.121.202.18
69,Kellen,Beatty,kbeatty1w@reverbnation.com,Male,77.65.225.145
70,Lynnea,Prando,lprando1x@miibeian.gov.cn,Female,167.61.136.180
71,Leela,Paybody,lpaybody1y@example.com,Female,115.192.142.134
72,Pansie,Karys,pkarys1z@businessinsider.com,Female,22.16.218.242
73,Lonny,Jeppensen,ljeppensen20@usnews.com,Male,233.127.102.107
74,Yale,Bains,ybains21@lycos.com,Male,59.98.7.120
75,Kirby,Tothe,ktothe22@wikispaces.com,Female,51.135.54.6
76,Torey,Tarquini,ttarquini23@smh.com.au,Female,129.148.126.243
77,Benjie,Adlem,badlem24@accuweather.com,Male,214.131.199.34
78,Ximenes,Sired,xsired25@qq.com,Male,56.36.30.120
79,Nelson,Chinnery,nchinnery26@instagram.com,Male,48.55.75.205
80,Silvester,Flucker,sflucker27@blog.com,Male,92.102.220.139
81,Pen,Benz,pbenz28@studiopress.com,Female,156.142.158.18
82,Carny,Claque,cclaque29@shutterfly.com,Male,61.146.175.204
83,Pooh,Spraging,pspraging2a@bing.com,Male,78.46.69.1
84,Lonnie,Woolager,lwoolager2b@sciencedirect.com,Female,224.227.114.113
85,Kynthia,Rubanenko,krubanenko2c@europa.eu,Female,99.45.121.209
86,Mady,Carnaman,mcarnaman2d@zdnet.com,Female,10.39.146.3
87,Brit,Doeg,bdoeg2e@blogger.com,Male,212.101.167.92
88,Heywood,Pawelec,hpawelec2f@pagesperso-orange.fr,Male,126.106.73.11
89,Amandie,Coie,acoie2g@unicef.org,Female,254.33.1.133
90,Ivette,McAline,imcaline2h@tamu.edu,Female,88.184.35.233
91,Glennie,Pinson,gpinson2i@sciencedaily.com,Female,135.154.90.134
92,Stanwood,Whistlecroft,swhistlecroft2j@tripod.com,Male,147.113.75.45
93,Celinka,Sinisbury,csinisbury2k@woothemes.com,Female,87.76.52.71
94,Verena,Braime,vbraime2l@topsy.com,Female,8.95.169.8
95,Julita,Whatling,jwhatling2m@google.com.au,Female,124.208.79.229
96,Elise,Allder,eallder2n@wufoo.com,Female,157.37.215.124
97,Sonnie,Grzegorecki,sgrzegorecki2o@cocolog-nifty.com,Male,36.136.159.177
98,Clarisse,Marchment,cmarchment2p@google.nl,Female,147.139.162.6
99,Andrej,Jansema,ajansema2q@google.com,Male,199.198.166.200
100,Perkin,Lorrie,plorrie2r@about.com,Male,239.41.134.241
101,Shandy,Dudman,sdudman2s@google.co.uk,Female,225.86.90.133
102,Kalle,Etherington,ketherington2t@dropbox.com,Male,247.67.227.60
103,Janot,Howgill,jhowgill2u@edublogs.org,Female,162.208.69.77
104,Bettye,Joerning,bjoerning2v@hhs.gov,Female,5.59.73.171
105,Tabbi,Stratten,tstratten2w@flickr.com,Female,1.184.36.101
106,Ransell,Bungey,rbungey2x@is.gd,Male,210.43.143.3
107,Leesa,Bason,lbason2y@dyndns.org,Female,2.192.182.167
108,Mallory,Samart,msamart2z@dot.gov,Male,230.230.197.206
109,Horton,Wilcocke,hwilcocke30@biglobe.ne.jp,Male,168.160.99.240
110,Pascale,Fowlestone,pfowlestone31@hibu.com,Male,32.40.86.139
111,Sonny,Holmyard,sholmyard32@dropbox.com,Female,166.131.33.125
112,Filberte,Bompas,fbompas33@privacy.gov.au,Male,107.76.226.234
113,Brod,Cuppleditch,bcuppleditch34@mlb.com,Male,202.219.103.25
114,Corbett,Emmanuele,cemmanuele35@cafepress.com,Male,168.119.51.28
115,Lou,Dunkinson,ldunkinson36@ning.com,Female,163.45.77.93
116,Jonie,Jordeson,jjordeson37@paypal.com,Female,91.103.66.88
117,Chauncey,Roscamps,croscamps38@boston.com,Male,90.172.24.164
118,Nicol,Derges,nderges39@posterous.com,Female,31.158.180.199
119,Sebastien,Laux,slaux3a@wordpress.org,Male,4.56.208.74
120,Jacquette,Bloor,jbloor3b@japanpost.jp,Female,31.251.215.33
121,Horatia,Hiseman,hhiseman3c@mtv.com,Female,219.89.68.241
122,Evangelin,Mott,emott3d@google.cn,Female,156.198.127.203
123,Stafford,MacDonell,smacdonell3e@reuters.com,Male,135.229.14.110
124,Hailey,Cudd,hcudd3f@wordpress.org,Male,71.251.235.237
125,Silvanus,Whissell,swhissell3g@baidu.com,Male,203.236.18.49
126,Ingar,Sulman,isulman3h@creativecommons.org,Male,214.83.250.133
127,Julina,Ginley,jginley3i@unc.edu,Female,94.186.39.47
128,Lutero,Jaquin,ljaquin3j@miitbeian.gov.cn,Male,122.144.141.178
129,Ellwood,Wookey,ewookey3k@free.fr,Male,126.63.140.46
130,Calvin,Huchot,chuchot3l@blogspot.com,Male,53.244.212.220
131,Faythe,Jakubczyk,fjakubczyk3m@miitbeian.gov.cn,Female,105.140.72.102
132,Harold,Marquez,hmarquez3n@domainmarket.com,Male,33.245.186.127
133,Myrtia,Van Halen,mvanhalen3o@histats.com,Female,211.255.59.255
134,Cassaundra,Glowinski,cglowinski3p@icio.us,Female,196.142.179.212
135,Evangelin,Ferrieres,eferrieres3q@sitemeter.com,Female,12.169.111.159
136,Fidole,Verlinde,fverlinde3r@chronoengine.com,Male,62.112.84.156
137,Ty,Spleving,tspleving3s@fastcompany.com,Male,29.231.167.167
138,Quent,Petschelt,qpetschelt3t@biblegateway.com,Male,209.5.152.40
139,Wren,Grumley,wgrumley3u@businesswire.com,Female,63.177.65.200
140,Murdoch,Ruvel,mruvel3v@xinhuanet.com,Male,142.194.183.105
141,Denys,Petegrew,dpetegrew3w@wikispaces.com,Male,142.39.39.223
142,Jesse,Stevens,jstevens3x@wikia.com,Female,0.240.77.252
143,Georas,Villar,gvillar3y@quantcast.com,Male,102.60.146.188
144,Jeni,Bollard,jbollard3z@skype.com,Female,13.240.1.4
145,Giselbert,Balaisot,gbalaisot40@ifeng.com,Male,69.46.151.89
146,Joelly,Gaddas,jgaddas41@desdev.cn,Female,188.63.57.223
147,Lombard,Hesey,lhesey42@phoca.cz,Male,47.165.163.54
148,Mariquilla,Chinery,mchinery43@parallels.com,Female,150.68.223.37
149,Calley,Pietrasik,cpietrasik44@biglobe.ne.jp,Female,50.177.209.26
150,Aubry,Escoffrey,aescoffrey45@comsenz.com,Female,212.48.51.131
151,Magnum,Gentil,mgentil46@goo.gl,Male,91.100.74.229
152,Evanne,Mynard,emynard47@wordpress.com,Female,225.96.211.96
153,Maure,Corgenvin,mcorgenvin48@pinterest.com,Female,111.158.118.171
154,Husein,Tingey,htingey49@com.com,Male,182.0.103.14
155,Rayner,Landreth,rlandreth4a@weebly.com,Male,129.93.31.7
156,Georgy,Geill,ggeill4b@drupal.org,Male,123.230.226.135
157,Erma,Holsey,eholsey4c@skyrock.com,Female,248.22.252.220
158,Tuckie,Extence,textence4d@cam.ac.uk,Male,44.11.26.5
159,Hugh,Howitt,hhowitt4e@youku.com,Male,198.163.48.134
160,Gun,Dericot,gdericot4f@google.nl,Male,211.244.217.62
161,Gardiner,Haysom,ghaysom4g@adobe.com,Male,218.163.8.213
162,April,Tagg,atagg4h@cafepress.com,Female,142.183.156.74
163,Netty,Ellicott,nellicott4i@ovh.net,Female,237.64.65.167
164,Lowrance,Marrington,lmarrington4j@ox.ac.uk,Male,203.78.230.161
165,Philly,Pruvost,ppruvost4k@typepad.com,Female,105.5.161.16
166,Rob,Menendez,rmenendez4l@who.int,Male,170.209.144.156
167,Sallyann,Prestage,sprestage4m@cpanel.net,Female,94.22.243.159
168,Shandy,Scoble,sscoble4n@google.com,Female,133.249.171.158
169,Freddy,Humburton,fhumburton4o@hatena.ne.jp,Male,107.62.143.136
170,Vonny,Ure,vure4p@icio.us,Female,0.254.109.100
171,Lizzie,Jearum,ljearum4q@timesonline.co.uk,Female,28.246.72.89
172,Andrei,Assaf,aassaf4r@pinterest.com,Female,164.160.47.248
173,Lee,Guerner,lguerner4s@who.int,Male,14.193.169.172
174,Calv,Atkinson,catkinson4t@exblog.jp,Male,244.119.203.234
175,Timothee,Eaglesham,teaglesham4u@gravatar.com,Male,84.101.215.156
176,Thorny,Ekell,tekell4v@ask.com,Male,57.1.104.225
177,Kenon,Dennehy,kdennehy4w@bluehost.com,Male,22.41.145.150
178,Xylina,Yosevitz,xyosevitz4x@altervista.org,Female,236.32.69.151
179,Jerrie,Whitlow,jwhitlow4y@g.co,Female,41.62.36.169
180,Morganne,Meenan,mmeenan4z@baidu.com,Female,47.109.34.249
181,Drucill,Whitmarsh,dwhitmarsh50@harvard.edu,Female,186.172.226.210
182,Anson,Cotte,acotte51@nps.gov,Male,6.26.41.252
183,Aime,Basezzi,abasezzi52@rediff.com,Female,201.38.18.186
184,Nolana,Grayston,ngrayston53@simplemachines.org,Female,69.202.90.73
185,Stirling,Faulder,sfaulder54@theatlantic.com,Male,206.63.176.121
186,Mellisa,Enderle,menderle55@deviantart.com,Female,164.15.66.51
187,Guendolen,Seiller,gseiller56@cnn.com,Female,224.54.235.229
188,Johannes,Gibby,jgibby57@sciencedirect.com,Male,192.94.53.185
189,Averill,Giottini,agiottini58@ftc.gov,Male,43.183.225.65
190,Jeff,Thomann,jthomann59@comsenz.com,Male,227.43.152.148
191,Eula,Haglinton,ehaglinton5a@nsw.gov.au,Female,19.21.219.240
192,Maurene,Aveline,maveline5b@ow.ly,Female,187.57.221.252
193,Theressa,Palay,tpalay5c@gizmodo.com,Female,65.207.176.244
194,Aluin,Mattisson,amattisson5d@seattletimes.com,Male,237.22.158.0
195,Mead,Danilovic,mdanilovic5e@behance.net,Male,180.117.57.147
196,Hurleigh,Toms,htoms5f@unesco.org,Male,0.166.58.233
197,Sharai,Calderwood,scalderwood5g@barnesandnoble.com,Female,171.6.226.220
198,Donalt,Lafontaine,dlafontaine5h@dmoz.org,Male,208.87.160.20
199,Goldia,Kidgell,gkidgell5i@cnbc.com,Female,154.86.126.254
200,Loren,Stoakes,lstoakes5j@oaic.gov.au,Male,171.43.148.195
201,Pepe,Goff,pgoff5k@storify.com,Male,73.128.234.122
202,Janeta,Antley,jantley5l@tiny.cc,Female,54.217.231.203
203,Modestine,Quinnell,mquinnell5m@timesonline.co.uk,Female,29.142.245.174
204,Tiphani,German,tgerman5n@google.co.uk,Female,185.56.178.185
205,Leif,Furmagier,lfurmagier5o@sitemeter.com,Male,233.160.253.12
206,Ara,Danaher,adanaher5p@mit.edu,Female,22.37.35.174
207,Minny,Alywen,malywen5q@businessinsider.com,Female,146.253.110.139
208,Ailyn,Quinell,aquinell5r@kickstarter.com,Female,50.239.165.142
209,Melony,Iglesias,miglesias5s@a8.net,Female,228.125.63.32
210,Darren,O'Noland,donoland5t@xinhuanet.com,Male,246.147.184.252
211,Daron,Bartolomeazzi,dbartolomeazzi5u@zdnet.com,Male,8.233.231.8
212,Heinrik,Whellans,hwhellans5v@cargocollective.com,Male,103.58.136.161
213,Lynnea,Boshard,lboshard5w@indiatimes.com,Female,96.214.47.218
214,Stormy,Wellings,swellings5x@columbia.edu,Female,100.221.129.164
215,Gottfried,Adderson,gadderson5y@tumblr.com,Male,224.236.115.18
216,Xavier,Tutton,xtutton5z@stanford.edu,Male,145.33.184.3
217,Ambrose,Bewick,abewick60@nydailynews.com,Male,185.101.244.98
218,Keriann,Tapsfield,ktapsfield61@hp.com,Female,36.102.209.188
219,Eberto,Hurcombe,ehurcombe62@hatena.ne.jp,Male,138.230.108.160
220,Ruperto,Batsford,rbatsford63@nasa.gov,Male,108.38.1.255
221,Elbertina,Vondruska,evondruska64@skyrock.com,Female,254.37.50.54
222,Andros,Bruinsma,abruinsma65@oakley.com,Male,224.110.135.139
223,Mortimer,Petyakov,mpetyakov66@typepad.com,Male,196.218.173.163
224,Genny,Hallyburton,ghallyburton67@amazon.de,Female,197.245.60.74
225,Elene,Bosence,ebosence68@intel.com,Female,63.26.253.248
226,Brad,Dello,bdello69@hatena.ne.jp,Male,179.134.244.186
227,Dav,Pomery,dpomery6a@amazon.co.jp,Male,194.82.19.79
228,Karel,Crosskell,kcrosskell6b@newyorker.com,Male,244.154.116.123
229,Omero,De Bischop,odebischop6c@moonfruit.com,Male,253.70.223.43
230,Miranda,Pinnere,mpinnere6d@linkedin.com,Female,90.195.211.175
231,Gustavo,Matushevitz,gmatushevitz6e@cargocollective.com,Male,10.172.21.163
232,Amalia,Neill,aneill6f@discovery.com,Female,13.226.231.179
233,Terry,Vigne,tvigne6g@fc2.com,Male,183.158.62.1
234,Naoma,Crook,ncrook6h@chron.com,Female,222.164.202.78
235,Boothe,Camps,bcamps6i@sogou.com,Male,109.164.160.102
236,Hyman,Sonschein,hsonschein6j@cocolog-nifty.com,Male,75.101.94.4
237,Juanita,Blenkinsop,jblenkinsop6k@hugedomains.com,Female,17.117.195.122
238,Jeannine,Izod,jizod6l@ning.com,Female,87.115.17.239
239,Maynord,Potten,mpotten6m@i2i.jp,Male,68.69.229.130
240,Brear,McHugh,bmchugh6n@bizjournals.com,Female,129.244.10.255
241,Bria,Aspinell,baspinell6o@dyndns.org,Female,165.53.178.202
242,Laird,Kainz,lkainz6p@cnbc.com,Male,229.234.181.4
243,Fernandina,Margerison,fmargerison6q@istockphoto.com,Female,87.22.235.184
244,Nate,Southey,nsouthey6r@si.edu,Male,244.93.138.249
245,Olympe,Gritten,ogritten6s@bizjournals.com,Female,162.134.26.122
246,Tully,Longega,tlongega6t@ovh.net,Male,232.81.161.80
247,Allan,Gobert,agobert6u@wikispaces.com,Male,182.6.144.96
248,Rosy,Gooderham,rgooderham6v@princeton.edu,Female,85.13.238.161
249,Belia,Densell,bdensell6w@instagram.com,Female,135.86.191.218
250,Lorena,Murdy,lmurdy6x@myspace.com,Female,154.83.59.86
251,Brigg,Suermeier,bsuermeier6y@nydailynews.com,Male,163.141.12.208
252,Jules,Marconi,jmarconi6z@youku.com,Male,67.180.148.62
253,Bennie,Diplock,bdiplock70@chicagotribune.com,Male,186.170.231.62
254,Carmon,Beglin,cbeglin71@unesco.org,Female,203.43.240.4
255,Malchy,Rizzolo,mrizzolo72@csmonitor.com,Male,53.132.111.17
256,Isaac,Curnucke,icurnucke73@huffingtonpost.com,Male,208.134.143.157
257,Tabbie,Sweeting,tsweeting74@sourceforge.net,Male,63.225.85.20
258,Carmencita,Ashburner,cashburner75@bloglines.com,Female,14.26.44.192
259,Kalina,Letherbury,kletherbury76@1688.com,Female,227.151.49.229
260,Stephanus,Lowry,slowry77@meetup.com,Male,76.238.231.182
261,Laureen,D'Hooghe,ldhooghe78@freewebs.com,Female,254.87.186.21
262,Ulysses,Delle,udelle79@dagondesign.com,Male,160.129.81.214
263,Terri,Blazejewski,tblazejewski7a@1und1.de,Female,58.187.163.167
264,Teena,Pfleger,tpfleger7b@prlog.org,Female,132.207.86.224
265,Gaylord,Banghe,gbanghe7c@comcast.net,Male,228.74.17.91
266,Ruprecht,Reveley,rreveley7d@163.com,Male,9.167.8.202
267,Donnell,Harlick,dharlick7e@oaic.gov.au,Male,20.195.89.3
268,Billy,Sambeck,bsambeck7f@cyberchimps.com,Male,204.254.164.151
269,Trenton,Drewes,tdrewes7g@1688.com,Male,23.146.128.110
270,Agnes,Shales,ashales7h@theatlantic.com,Female,157.131.77.37
271,Arden,Cuss,acuss7i@ft.com,Female,54.162.212.243
272,Frankie,Odby,fodby7j@squarespace.com,Female,41.84.245.146
273,Mercedes,Browett,mbrowett7k@walmart.com,Female,156.99.197.145
274,Vernen,Staden,vstaden7l@tmall.com,Male,121.142.127.0
275,Sonnnie,Spurier,sspurier7m@npr.org,Female,106.222.77.95
276,Melvin,Pitney,mpitney7n@ft.com,Male,14.46.14.215
277,Alister,Vitte,avitte7o@thetimes.co.uk,Male,149.127.65.140
278,Kasey,Sowter,ksowter7p@infoseek.co.jp,Female,88.190.190.60
279,Happy,Bustard,hbustard7q@microsoft.com,Female,108.104.239.246
280,Ezri,Deavall,edeavall7r@hatena.ne.jp,Male,73.154.94.212
281,Bearnard,Widdecombe,bwiddecombe7s@huffingtonpost.com,Male,211.110.36.171
282,Pauletta,Boam,pboam7t@nps.gov,Female,237.156.252.234
283,Abeu,Toxell,atoxell7u@loc.gov,Male,55.111.102.99
284,Vinny,Buey,vbuey7v@squarespace.com,Female,188.84.28.191
285,Kathryne,Whanstall,kwhanstall7w@de.vu,Female,14.191.115.150
286,Urson,Borles,uborles7x@skyrock.com,Male,177.10.194.227
287,Leighton,Bradtke,lbradtke7y@deviantart.com,Male,120.135.170.108
288,Nanni,Spalls,nspalls7z@ovh.net,Female,203.56.99.70
289,Graeme,Eddies,geddies80@mashable.com,Male,97.76.204.149
290,Berton,Klain,bklain81@tiny.cc,Male,191.194.228.161
291,Filbert,Boxer,fboxer82@howstuffworks.com,Male,115.250.19.198
292,Ofella,Durnford,odurnford83@reverbnation.com,Female,3.195.21.60
293,Kelcey,Gofford,kgofford84@berkeley.edu,Female,219.177.128.184
294,Calypso,Daintith,cdaintith85@jalbum.net,Female,74.57.234.96
295,Mignon,Kyncl,mkyncl86@360.cn,Female,86.68.83.242
296,Boycey,Lovitt,blovitt87@ezinearticles.com,Male,97.247.228.245
297,Malorie,Gellier,mgellier88@wired.com,Female,5.150.30.210
298,Evangelina,Pincott,epincott89@msn.com,Female,9.55.185.220
299,Krishna,Sleaford,ksleaford8a@slashdot.org,Male,247.37.240.74
300,Nikolai,Beckey,nbeckey8b@w3.org,Male,73.178.102.53
301,Delainey,Finey,dfiney8c@yolasite.com,Male,85.29.72.53
302,Nelle,Ikin,nikin8d@paginegialle.it,Female,153.132.19.192
303,Lorenzo,Revening,lrevening8e@springer.com,Male,236.226.159.138
304,Emile,McIlriach,emcilriach8f@github.io,Male,7.186.221.39
305,Shannan,Diloway,sdiloway8g@epa.gov,Male,230.86.196.235
306,Denna,Brickham,dbrickham8h@reuters.com,Female,205.30.53.13
307,Jacob,Adrain,jadrain8i@elpais.com,Male,83.189.208.33
308,Berni,Harold,bharold8j@wisc.edu,Female,157.109.226.22
309,Merline,Mursell,mmursell8k@berkeley.edu,Female,232.147.69.157
310,Stanly,Cramb,scramb8l@europa.eu,Male,250.80.165.191
311,Kenny,Snelson,ksnelson8m@fc2.com,Male,202.30.242.15
312,Mord,Krzysztofiak,mkrzysztofiak8n@ebay.co.uk,Male,87.15.188.12
313,Owen,Saby,osaby8o@marriott.com,Male,130.231.80.81
314,Maurene,Doxsey,mdoxsey8p@mail.ru,Female,218.152.129.9
315,Sidney,Bendson,sbendson8q@cmu.edu,Male,124.164.26.215
316,Jeana,Vaines,jvaines8r@oaic.gov.au,Female,49.205.117.94
317,Reynold,Heliet,rheliet8s@feedburner.com,Male,35.222.209.94
318,Esme,Preist,epreist8t@tuttocitta.it,Female,202.163.78.251
319,Emerson,Spellward,espellward8u@gnu.org,Male,109.85.241.98
320,Bran,Rignoldes,brignoldes8v@newyorker.com,Male,103.69.174.52
321,Ulysses,Sutehall,usutehall8w@reverbnation.com,Male,4.242.186.108
322,Franciska,Akam,fakam8x@oakley.com,Female,3.59.81.249
323,Nicola,Ghilks,nghilks8y@aol.com,Female,81.156.155.225
324,Jozef,Davidai,jdavidai8z@ezinearticles.com,Male,57.130.217.40
325,Celine,Mulliner,cmulliner90@angelfire.com,Female,149.140.139.183
326,Staci,Fitzhenry,sfitzhenry91@is.gd,Female,107.196.156.186
327,Ferdinand,Iddison,fiddison92@paginegialle.it,Male,28.129.23.102
328,Leicester,Pennini,lpennini93@pinterest.com,Male,88.197.225.182
329,Joaquin,Gadman,jgadman94@goo.ne.jp,Male,24.154.186.75
330,Duffy,While,dwhile95@stanford.edu,Male,190.177.70.3
331,Dorolice,Dignam,ddignam96@dailymail.co.uk,Female,104.160.248.106
332,Tabitha,Higbin,thigbin97@foxnews.com,Female,225.89.74.1
333,Melisa,Gethyn,mgethyn98@e-recht24.de,Female,68.253.135.117
334,Joanna,Lee,jlee99@hexun.com,Female,190.196.124.230
335,Cilka,Mawby,cmawby9a@vkontakte.ru,Female,99.57.68.172
336,Maury,Salvage,msalvage9b@wufoo.com,Male,222.149.214.125
337,Maxy,Strelitzer,mstrelitzer9c@skyrock.com,Male,36.162.20.228
338,Madalyn,Onraet,monraet9d@tripod.com,Female,149.56.49.49
339,Berke,Colthard,bcolthard9e@phpbb.com,Male,173.42.252.85
340,Leelah,Whitticks,lwhitticks9f@webs.com,Female,161.36.78.99
341,Diane-marie,Stewartson,dstewartson9g@quantcast.com,Female,82.235.10.151
342,Richy,Amner,ramner9h@tinypic.com,Male,42.245.25.173
343,Skipton,Troctor,stroctor9i@craigslist.org,Male,119.106.202.184
344,Stafani,Clemonts,sclemonts9j@reverbnation.com,Female,149.60.43.133
345,Garry,Pitson,gpitson9k@fc2.com,Male,204.52.61.217
346,Tybie,Hayler,thayler9l@artisteer.com,Female,161.121.239.224
347,Tabor,Bibb,tbibb9m@hp.com,Male,171.212.17.244
348,Lezley,Nouch,lnouch9n@i2i.jp,Male,242.43.59.73
349,Carlita,Widdows,cwiddows9o@usgs.gov,Female,161.56.114.82
350,Gasparo,Curneen,gcurneen9p@comcast.net,Male,42.127.222.77
351,Eudora,Goss,egoss9q@bizjournals.com,Female,133.9.74.21
352,Shelden,Gooddie,sgooddie9r@sakura.ne.jp,Male,69.2.46.49
353,Gloriane,Tidswell,gtidswell9s@economist.com,Female,193.156.60.254
354,Gisella,Duffer,gduffer9t@census.gov,Female,104.238.5.214
355,Dermot,Maciaszczyk,dmaciaszczyk9u@ycombinator.com,Male,46.13.254.46
356,Mariele,Norrie,mnorrie9v@cdbaby.com,Female,108.254.121.215
357,Millie,Lismore,mlismore9w@w3.org,Female,73.109.198.187
358,Adler,Brafield,abrafield9x@posterous.com,Male,68.225.19.209
359,Portia,Piddlesden,ppiddlesden9y@blogger.com,Female,159.24.83.72
360,Brennen,Veeler,bveeler9z@cargocollective.com,Male,211.197.63.255
361,Netta,Lugden,nlugdena0@oakley.com,Female,7.214.137.156
362,Wilburt,Palfreyman,wpalfreymana1@stanford.edu,Male,160.243.47.82
363,Darrin,O'Cridigan,docridigana2@bloglines.com,Male,162.121.231.197
364,Delcine,Martyn,dmartyna3@mlb.com,Female,199.203.184.209
365,Monty,Murtell,mmurtella4@shop-pro.jp,Male,174.171.177.191
366,Bo,Shenton,bshentona5@kickstarter.com,Male,181.213.3.67
367,Adey,Whitlaw,awhitlawa6@engadget.com,Female,93.184.27.142
368,Marrissa,Meckiff,mmeckiffa7@vinaora.com,Female,252.227.211.175
369,Katharyn,Birkbeck,kbirkbecka8@nationalgeographic.com,Female,126.234.185.194
370,Cleveland,Perot,cperota9@intel.com,Male,164.178.42.27
371,Isabeau,Garard,igarardaa@ezinearticles.com,Female,214.216.77.126
372,Kendall,Janus,kjanusab@thetimes.co.uk,Male,232.126.104.205
373,Reyna,Clint,rclintac@sciencedaily.com,Female,73.35.247.219
374,Goraud,Greedier,ggreedierad@house.gov,Male,236.53.93.15
375,Terra,Pierpoint,tpierpointae@xinhuanet.com,Female,7.234.83.116
376,Eleen,Pisculli,episculliaf@friendfeed.com,Female,6.186.28.4
377,Norine,Abrahmer,nabrahmerag@goo.ne.jp,Female,88.93.16.197
378,Ronni,Flanigan,rflaniganah@amazon.de,Female,174.33.233.222
379,Pascal,Von Der Empten,pvonderemptenai@noaa.gov,Male,174.190.169.9
380,Gallard,Gamage,ggamageaj@wufoo.com,Male,107.182.58.209
381,Rosalyn,Powderham,rpowderhamak@free.fr,Female,41.205.184.149
382,Tricia,Purbrick,tpurbrickal@gnu.org,Female,77.155.22.53
383,Virgilio,Conquer,vconqueram@java.com,Male,152.71.230.191
384,Tory,Sermin,tserminan@cloudflare.com,Female,22.117.210.117
385,Isiahi,Golton,igoltonao@simplemachines.org,Male,97.43.95.139
386,Trix,Lusher,tlusherap@privacy.gov.au,Female,185.110.115.252
387,Carolee,Manuele,cmanueleaq@sourceforge.net,Female,78.40.41.250
388,Charis,Worland,cworlandar@dropbox.com,Female,8.149.233.82
389,Obed,Martinovic,omartinovicas@fema.gov,Male,141.97.146.53
390,Gareth,Eyckelbeck,geyckelbeckat@who.int,Male,119.216.13.2
391,Des,Vasiliu,dvasiliuau@vkontakte.ru,Male,96.183.150.150
392,Sigfrid,Rodear,srodearav@prnewswire.com,Male,90.33.55.42
393,Kahlil,Gaule,kgauleaw@eepurl.com,Male,59.91.76.13
394,Jonathan,D'Aulby,jdaulbyax@disqus.com,Male,175.160.33.123
395,Eleonore,Breeder,ebreederay@wiley.com,Female,113.59.22.122
396,Gawen,Habberjam,ghabberjamaz@soundcloud.com,Male,182.148.94.48
397,Doe,Laurentin,dlaurentinb0@i2i.jp,Female,170.216.54.46
398,Hendrick,Sich,hsichb1@cafepress.com,Male,225.191.9.83
399,Jessamine,Burke,jburkeb2@unblog.fr,Female,23.18.129.169
400,Annmaria,Nestle,anestleb3@tmall.com,Female,161.139.132.227
401,Farlie,Traske,ftraskeb4@goo.ne.jp,Male,89.117.12.194
402,Konrad,Bartoli,kbartolib5@acquirethisname.com,Male,245.97.172.44
403,Maxine,Comino,mcominob6@fema.gov,Female,86.96.26.136
404,Aprilette,Loughrey,aloughreyb7@mlb.com,Female,171.28.4.187
405,Stavros,Symers,ssymersb8@un.org,Male,218.180.128.183
406,Brant,Barens,bbarensb9@intel.com,Male,139.55.98.131
407,Ad,Waud,awaudba@mayoclinic.com,Male,221.62.227.211
408,Bamby,Kinnar,bkinnarbb@plala.or.jp,Female,237.26.59.250
409,Lorettalorna,Syder,lsyderbc@soup.io,Female,43.204.249.54
410,Justen,Eshelby,jeshelbybd@live.com,Male,118.177.17.112
411,Sydney,Firsby,sfirsbybe@hibu.com,Male,132.214.149.90
412,Carole,Wix,cwixbf@dyndns.org,Female,9.164.246.54
413,Ellette,Cohan,ecohanbg@sbwire.com,Female,114.127.178.39
414,Weidar,Grinter,wgrinterbh@wikispaces.com,Male,45.179.239.244
415,Dud,Oldman,doldmanbi@artisteer.com,Male,135.44.171.246
416,Delora,Antonich,dantonichbj@sfgate.com,Female,108.67.144.248
417,Leodora,Hibling,lhiblingbk@bloglines.com,Female,155.234.160.207
418,Myra,Mandell,mmandellbl@creativecommons.org,Female,54.92.104.81
419,Brigitta,Gerold,bgeroldbm@noaa.gov,Female,27.3.53.239
420,Nora,Masi,nmasibn@latimes.com,Female,45.26.171.172
421,Petrina,Toomer,ptoomerbo@addtoany.com,Female,185.21.71.111
422,Christel,Langhorne,clanghornebp@techcrunch.com,Female,109.5.139.106
423,Kelsey,Gillio,kgilliobq@e-recht24.de,Female,247.52.32.229
424,Niles,Chadd,nchaddbr@yandex.ru,Male,10.65.234.240
425,Boigie,Laughtisse,blaughtissebs@diigo.com,Male,174.10.248.116
426,Olga,Antley,oantleybt@youku.com,Female,44.220.209.38
427,Prudy,Heinritz,pheinritzbu@statcounter.com,Female,221.204.44.138
428,Silvan,Clampton,sclamptonbv@bing.com,Male,254.82.241.56
429,Gisele,Kittles,gkittlesbw@cbc.ca,Female,89.9.214.204
430,Rickie,Senn,rsennbx@zdnet.com,Female,20.196.50.157
431,Gaile,Kleinplac,gkleinplacby@technorati.com,Male,43.197.14.144
432,Denyse,Lount,dlountbz@discovery.com,Female,84.161.66.199
433,Sheff,McCurry,smccurryc0@i2i.jp,Male,80.71.176.190
434,Aluin,Alabastar,aalabastarc1@businesswire.com,Male,96.218.238.205
435,Cecil,Morkham,cmorkhamc2@flickr.com,Female,62.217.252.25
436,Renie,Jerrim,rjerrimc3@shinystat.com,Female,61.147.191.234
437,Josias,Milland,jmillandc4@marketwatch.com,Male,193.1.226.175
438,Rey,O'Brogane,robroganec5@mlb.com,Female,104.210.75.230
439,Annice,Yitzhakov,ayitzhakovc6@seattletimes.com,Female,46.225.161.211
440,Whitney,Thorpe,wthorpec7@ovh.net,Male,218.6.37.86
441,Candida,Crix,ccrixc8@sitemeter.com,Female,200.217.148.131
442,Ev,Saunton,esauntonc9@slideshare.net,Male,6.56.93.108
443,Manya,Alps,malpsca@about.me,Female,125.29.202.219
444,Meriel,Weald,mwealdcb@youtu.be,Female,192.160.229.109
445,Lorelei,Labb,llabbcc@thetimes.co.uk,Female,246.22.42.117
446,Elane,Simcox,esimcoxcd@usgs.gov,Female,197.18.188.51
447,Marc,Hebbs,mhebbsce@acquirethisname.com,Male,40.24.104.10
448,Marin,Godson,mgodsoncf@army.mil,Female,174.1.164.247
449,Leontyne,Grinley,lgrinleycg@ycombinator.com,Female,177.23.61.46
450,Anestassia,Woltering,awolteringch@uol.com.br,Female,229.11.204.52
451,Justine,Matt,jmattci@wikipedia.org,Female,255.149.193.145
452,Dora,Reeder,dreedercj@dailymail.co.uk,Female,88.95.77.172
453,Raddy,Finlater,rfinlaterck@google.com.br,Male,17.68.239.15
454,Carl,Lavies,claviescl@posterous.com,Male,254.174.172.106
455,Hilary,Menat,hmenatcm@cafepress.com,Female,181.196.162.146
456,Aloise,Faro,afarocn@imdb.com,Female,250.63.48.182
457,Gilemette,Calloway,gcallowayco@state.gov,Female,248.108.14.35
458,Arden,Stallen,astallencp@bigcartel.com,Female,23.241.74.86
459,Daile,Cicci,dciccicq@theglobeandmail.com,Female,250.187.121.150
460,Brooke,Callum,bcallumcr@statcounter.com,Male,64.10.202.190
461,Jori,Gyngyll,jgyngyllcs@hc360.com,Female,113.214.139.188
462,Giovanni,Plessing,gplessingct@msn.com,Male,152.45.207.19
463,Aland,Munslow,amunslowcu@themeforest.net,Male,81.229.24.15
464,Justen,Orum,jorumcv@irs.gov,Male,231.61.33.245
465,Rosemary,Coldman,rcoldmancw@ft.com,Female,219.94.177.45
466,Marcy,Halbord,mhalbordcx@examiner.com,Female,191.254.78.86
467,Selina,Sutterby,ssutterbycy@altervista.org,Female,136.191.168.84
468,Theresina,Pittford,tpittfordcz@canalblog.com,Female,147.241.129.27
469,Ossie,Bromilow,obromilowd0@virginia.edu,Male,111.178.174.254
470,Mycah,Gomery,mgomeryd1@twitter.com,Male,130.27.50.224
471,Anette,Griswaite,agriswaited2@hud.gov,Female,19.18.88.93
472,Olivette,Lampart,olampartd3@hostgator.com,Female,29.232.131.175
473,Mischa,Cristobal,mcristobald4@angelfire.com,Male,177.66.150.65
474,Gardiner,Keston,gkestond5@cdc.gov,Male,233.207.39.234
475,Mayer,MacEnelly,mmacenellyd6@cbslocal.com,Male,136.167.203.240
476,Matias,Roughey,mrougheyd7@e-recht24.de,Male,61.69.214.17
477,Pen,Nutkin,pnutkind8@wp.com,Male,24.80.75.58
478,Dorree,McTrustrie,dmctrustried9@spiegel.de,Female,144.146.221.122
479,Kerrie,Denes,kdenesda@pbs.org,Female,69.106.238.31
480,Kienan,Archbell,karchbelldb@pen.io,Male,179.49.104.8
481,Emmy,Chatain,echataindc@npr.org,Male,168.53.156.207
482,Laney,Cadman,lcadmandd@merriam-webster.com,Male,168.22.54.9
483,Franni,Anney,fanneyde@imdb.com,Female,92.48.157.182
484,Hollyanne,Wayper,hwayperdf@sogou.com,Female,40.110.154.168
485,Zebulon,Kidby,zkidbydg@mtv.com,Male,22.52.8.37
486,Wrennie,Lowden,wlowdendh@hugedomains.com,Female,57.182.97.233
487,Elaine,Longforth,elongforthdi@e-recht24.de,Female,56.66.51.193
488,Kandace,MacFadden,kmacfaddendj@yolasite.com,Female,174.255.24.4
489,Traci,Arkell,tarkelldk@vimeo.com,Female,74.202.110.205
490,Marillin,Linder,mlinderdl@ustream.tv,Female,14.69.170.17
491,Bambi,Casella,bcaselladm@tiny.cc,Female,150.92.201.136
492,Wernher,Harget,whargetdn@timesonline.co.uk,Male,184.179.145.104
493,Jammal,Luten,jlutendo@jimdo.com,Male,131.140.87.48
494,Deina,Stienham,dstienhamdp@blogtalkradio.com,Female,93.210.53.194
495,Marla,Betz,mbetzdq@wunderground.com,Female,77.190.188.160
496,Taddeo,Lismore,tlismoredr@live.com,Male,139.189.39.173
497,Mario,Crosland,mcroslandds@irs.gov,Male,212.146.159.240
498,Trudy,Hellewell,thellewelldt@sciencedaily.com,Female,208.85.23.98
499,Neville,Sibun,nsibundu@yahoo.co.jp,Male,112.205.215.140
500,Mart,Skeates,mskeatesdv@huffingtonpost.com,Male,66.247.239.108
501,Simeon,Siemianowicz,ssiemianowiczdw@networkadvertising.org,Male,247.53.142.51
502,Paule,Birts,pbirtsdx@opensource.org,Female,233.167.7.144
503,Conant,Mulvin,cmulvindy@altervista.org,Male,184.2.250.134
504,Heath,Keymar,hkeymardz@marriott.com,Female,147.139.154.76
505,Willi,Jakes,wjakese0@deliciousdays.com,Female,71.52.219.14
506,Gene,Wildor,gwildore1@chronoengine.com,Male,136.207.60.45
507,Jandy,Cainey,jcaineye2@a8.net,Female,127.207.8.36
508,Jenni,Snoxill,jsnoxille3@theguardian.com,Female,215.165.155.27
509,Alonzo,Hembling,ahemblinge4@theglobeandmail.com,Male,85.135.180.37
510,Xavier,Bagott,xbagotte5@edublogs.org,Male,113.142.58.198
511,Krissie,Dorman,kdormane6@businesswire.com,Female,125.239.76.24
512,Giacopo,Munehay,gmunehaye7@shareasale.com,Male,106.201.61.27
513,Ingaborg,Methringham,imethringhame8@ow.ly,Female,92.82.185.253
514,Dory,Cogzell,dcogzelle9@nih.gov,Male,225.187.158.90
515,Byrle,Dessaur,bdessaurea@meetup.com,Male,107.84.197.114
516,Shauna,Meyer,smeyereb@baidu.com,Female,232.41.21.189
517,Elsbeth,Shearsby,eshearsbyec@photobucket.com,Female,19.193.132.195
518,Maddy,Biesterfeld,mbiesterfelded@army.mil,Female,32.221.124.231
519,Xaviera,Lukes,xlukesee@state.tx.us,Female,64.138.181.229
520,Alasdair,Wallwood,awallwoodef@scribd.com,Male,14.196.45.238
521,Ora,Britland,obritlandeg@icq.com,Female,155.109.95.48
522,Blake,Romanet,bromaneteh@newyorker.com,Male,179.232.121.161
523,Lynnet,Damp,ldampei@nba.com,Female,75.71.206.130
524,Joana,Ortega,jortegaej@meetup.com,Female,5.190.153.164
525,Allison,Lutwidge,alutwidgeek@uol.com.br,Female,76.43.244.249
526,Felicio,De Freyne,fdefreyneel@tiny.cc,Male,19.26.119.116
527,Bil,Stackbridge,bstackbridgeem@parallels.com,Male,13.141.26.223
528,Ketty,Fills,kfillsen@answers.com,Female,95.247.130.18
529,Christoffer,O'Keeffe,cokeeffeeo@usgs.gov,Male,188.131.11.139
530,Andie,Thornewill,athornewillep@about.com,Female,175.176.184.213
531,Gabbi,Tallent,gtallenteq@cdc.gov,Female,35.145.46.187
532,Sterne,Linkin,slinkiner@studiopress.com,Male,124.175.9.242
533,Kelli,Constanza,kconstanzaes@addtoany.com,Female,181.207.132.23
534,Ronnie,Trahair,rtrahairet@yandex.ru,Male,190.189.183.46
535,Em,Brockhouse,ebrockhouseeu@icio.us,Female,167.12.154.176
536,Kelila,O' Mullan,komullanev@google.com.br,Female,180.114.181.92
537,Reagan,Arends,rarendsew@slate.com,Male,176.128.39.81
538,Gayle,McTurley,gmcturleyex@a8.net,Male,217.124.183.22
539,Hedvige,Buney,hbuneyey@fastcompany.com,Female,184.219.141.219
540,Federica,Hubbucks,fhubbucksez@macromedia.com,Female,133.22.118.250
541,Letisha,Duckham,lduckhamf0@storify.com,Female,98.34.56.82
542,Jabez,Stuchbery,jstuchberyf1@themeforest.net,Male,87.81.129.64
543,Sidoney,Crome,scromef2@imdb.com,Female,195.56.136.229
544,Onida,McNirlin,omcnirlinf3@ameblo.jp,Female,2.255.80.217
545,Marleen,Tunniclisse,mtunniclissef4@japanpost.jp,Female,194.219.20.2
546,Dukie,Flott,dflottf5@archive.org,Male,87.38.136.87
547,Tynan,Ericssen,tericssenf6@netscape.com,Male,9.185.130.140
548,Winifield,Siderfin,wsiderfinf7@techcrunch.com,Male,157.47.153.2
549,Anica,Garr,agarrf8@about.com,Female,206.55.76.7
550,Janet,Radborne,jradbornef9@ask.com,Female,121.153.137.84
551,Aloin,Anstice,aansticefa@mediafire.com,Male,241.197.111.92
552,Ekaterina,Bielfeldt,ebielfeldtfb@youtu.be,Female,110.216.66.72
553,Boony,Girardez,bgirardezfc@newsvine.com,Male,140.29.61.56
554,Viviana,Pina,vpinafd@psu.edu,Female,167.205.111.15
555,Darlene,Jellard,djellardfe@hhs.gov,Female,74.95.110.249
556,Maddi,Byart,mbyartff@furl.net,Female,168.140.71.220
557,Adamo,Colyer,acolyerfg@ycombinator.com,Male,10.133.176.185
558,Putnam,Boot,pbootfh@stanford.edu,Male,57.152.77.56
559,Giffy,Castane,gcastanefi@vistaprint.com,Male,157.45.147.123
560,Tania,Shacklady,tshackladyfj@printfriendly.com,Female,201.112.19.239
561,Sarge,Busswell,sbusswellfk@virginia.edu,Male,28.51.31.121
562,Roley,Forster,rforsterfl@wiley.com,Male,100.165.186.223
563,Wilfred,Pettegre,wpettegrefm@stanford.edu,Male,235.182.136.184
564,Delcina,Stampfer,dstampferfn@w3.org,Female,174.216.133.249
565,Bernadette,Tilberry,btilberryfo@domainmarket.com,Female,5.106.219.196
566,Curran,Seeman,cseemanfp@businesswire.com,Male,7.18.115.230
567,Tiebout,Liger,tligerfq@i2i.jp,Male,122.134.216.1
568,Gilly,Capin,gcapinfr@indiegogo.com,Female,85.161.19.185
569,Malia,Bates,mbatesfs@woothemes.com,Female,79.177.243.67
570,Cissiee,Brewer,cbrewerft@tripod.com,Female,74.62.118.190
571,Lucias,Akram,lakramfu@wp.com,Male,145.174.217.51
572,Leisha,Jirek,ljirekfv@examiner.com,Female,64.120.128.10
573,Trueman,Hessentaler,thessentalerfw@weather.com,Male,108.174.24.229
574,Ramonda,Milesop,rmilesopfx@businessweek.com,Female,45.45.114.34
575,Benedicto,Mengo,bmengofy@va.gov,Male,209.29.162.195
576,Kari,Waterfield,kwaterfieldfz@theatlantic.com,Female,61.183.207.254
577,Gardie,Reston,grestong0@sohu.com,Male,130.44.245.150
578,Crissy,Lynock,clynockg1@squidoo.com,Female,220.102.205.211
579,Eulalie,Sign,esigng2@ucla.edu,Female,24.58.155.78
580,Nolan,Liccardi,nliccardig3@google.de,Male,241.1.207.237
581,Murvyn,Petteford,mpettefordg4@homestead.com,Male,46.203.10.117
582,Donella,Moyle,dmoyleg5@blinklist.com,Female,64.12.232.58
583,Welch,Lethby,wlethbyg6@wufoo.com,Male,231.161.87.235
584,Celina,Stoyles,cstoylesg7@fda.gov,Female,40.126.100.181
585,Kameko,MacQuarrie,kmacquarrieg8@constantcontact.com,Female,15.0.161.56
586,Verena,Lainge,vlaingeg9@telegraph.co.uk,Female,63.233.65.247
587,Francesca,Strangeways,fstrangewaysga@ycombinator.com,Female,192.10.14.140
588,Rodrick,Giovannetti,rgiovannettigb@webmd.com,Male,253.153.131.232
589,Teressa,Whittlesee,twhittleseegc@php.net,Female,94.199.104.108
590,Brenden,Emmett,bemmettgd@clickbank.net,Male,169.173.28.60
591,Janice,Lethibridge,jlethibridgege@ow.ly,Female,127.205.139.140
592,Wright,June,wjunegf@paginegialle.it,Male,202.64.120.36
593,Laurie,Belhomme,lbelhommegg@ox.ac.uk,Female,32.146.138.31
594,Alena,Winspare,awinsparegh@wikia.com,Female,150.112.174.208
595,Brier,McTague,bmctaguegi@posterous.com,Female,156.38.68.186
596,Daryn,McLernon,dmclernongj@phpbb.com,Female,14.77.120.247
597,Leroi,Waddoups,lwaddoupsgk@alibaba.com,Male,36.189.104.134
598,Estrella,Hamill,ehamillgl@netlog.com,Female,14.126.159.233
599,Evelina,Itzig,eitziggm@timesonline.co.uk,Female,21.175.113.38
600,Doro,Terzo,dterzogn@youtube.com,Female,18.118.130.216
601,Tally,Pescod,tpescodgo@pinterest.com,Male,66.147.225.149
602,Vaughan,McAneny,vmcanenygp@bloglovin.com,Male,240.30.87.115
603,Yank,Dani,ydanigq@dropbox.com,Male,115.189.195.2
604,Zonnya,Pirnie,zpirniegr@cpanel.net,Female,53.29.29.35
605,Agace,Rieger,ariegergs@wikimedia.org,Female,3.118.83.85
606,Rice,Dabner,rdabnergt@foxnews.com,Male,127.23.76.168
607,Amitie,Hindenburg,ahindenburggu@twitpic.com,Female,209.53.233.128
608,Mavra,Hollingdale,mhollingdalegv@auda.org.au,Female,18.237.45.25
609,Gunilla,McHenry,gmchenrygw@hibu.com,Female,180.35.47.207
610,Osmond,Howlings,ohowlingsgx@virginia.edu,Male,38.148.141.45
611,Kathlin,McMullen,kmcmullengy@apple.com,Female,171.10.223.51
612,Whitaker,Labern,wlaberngz@cbc.ca,Male,190.192.209.89
613,Sella,Bothwell,sbothwellh0@cornell.edu,Female,239.4.252.215
614,Hollie,Pistol,hpistolh1@is.gd,Female,230.95.248.32
615,Guntar,Faragan,gfaraganh2@marriott.com,Male,180.177.77.113
616,Sheff,Cuthbert,scuthberth3@ask.com,Male,124.159.57.12
617,Rodrique,Sandwith,rsandwithh4@intel.com,Male,196.145.189.124
618,Sallyanne,Maric,smarich5@microsoft.com,Female,32.217.217.241
619,Avram,Chestnutt,achestnutth6@pinterest.com,Male,131.68.142.153
620,Jacquette,Merrgan,jmerrganh7@google.fr,Female,121.12.10.236
621,Lois,Serfati,lserfatih8@google.com.au,Female,247.26.169.88
622,Neill,Thaim,nthaimh9@upenn.edu,Male,39.0.6.144
623,Christophorus,Kment,ckmentha@si.edu,Male,151.21.71.119
624,Lyndell,Drissell,ldrissellhb@samsung.com,Female,21.6.54.24
625,Starla,Lafond,slafondhc@google.it,Female,132.236.18.15
626,Humfried,Gazey,hgazeyhd@blogtalkradio.com,Male,195.86.225.9
627,Austina,Merioth,ameriothhe@ucsd.edu,Female,234.193.100.246
628,Currey,Finlason,cfinlasonhf@ycombinator.com,Male,63.55.242.155
629,Malvina,Wormleighton,mwormleightonhg@webeden.co.uk,Female,45.13.158.239
630,Donny,Trimby,dtrimbyhh@squarespace.com,Female,101.39.83.39
631,Melloney,Ramey,mrameyhi@yellowpages.com,Female,19.227.7.143
632,Roma,Binns,rbinnshj@yolasite.com,Male,233.154.105.32
633,Ashia,Swiers,aswiershk@amazon.de,Female,56.178.100.174
634,Nollie,Bagshawe,nbagshawehl@europa.eu,Male,153.240.203.21
635,Gerardo,Kubes,gkubeshm@census.gov,Male,78.79.74.35
636,Claudell,Jellard,cjellardhn@friendfeed.com,Male,98.6.118.203
637,Celestyn,Lethby,clethbyho@com.com,Female,77.105.164.45
638,Maison,Celand,mcelandhp@netlog.com,Male,125.207.139.38
639,Emerson,Umfrey,eumfreyhq@imageshack.us,Male,229.177.29.151
640,Kev,Vigrass,kvigrasshr@printfriendly.com,Male,8.240.80.81
641,Tandy,Di Antonio,tdiantoniohs@t-online.de,Female,9.72.90.22
642,Freda,Benduhn,fbenduhnht@weebly.com,Female,45.137.157.51
643,Janene,Petrovic,jpetrovichu@oakley.com,Female,19.212.64.245
644,Andrej,Soares,asoareshv@google.ca,Male,55.190.141.150
645,Kerr,Raddenbury,kraddenburyhw@bigcartel.com,Male,223.249.12.131
646,Justis,Regan,jreganhx@baidu.com,Male,223.45.90.148
647,Veronike,Dinley,vdinleyhy@businessweek.com,Female,177.249.40.82
648,Derward,Devereu,ddevereuhz@imageshack.us,Male,205.51.60.112
649,Dugald,Wyman,dwymani0@ucsd.edu,Male,214.207.50.240
650,Sheppard,Roches,srochesi1@chron.com,Male,35.43.208.46
651,Matthieu,Mitchenson,mmitchensoni2@go.com,Male,132.96.197.71
652,Tedi,Tytler,ttytleri3@storify.com,Female,93.85.125.187
653,Rufe,O'Mullally,romullallyi4@guardian.co.uk,Male,73.50.8.155
654,Alexia,Breissan,abreissani5@fc2.com,Female,12.198.82.107
655,Enrico,Wiseman,ewisemani6@reuters.com,Male,98.47.9.92
656,Kaspar,Kobpa,kkobpai7@google.fr,Male,58.77.246.155
657,Waldon,Maskelyne,wmaskelynei8@chronoengine.com,Male,139.13.187.137
658,Court,Ashleigh,cashleighi9@bizjournals.com,Male,160.112.132.79
659,Rosanna,Rooke,rrookeia@slate.com,Female,122.18.37.128
660,Osmund,MacAughtrie,omacaughtrieib@auda.org.au,Male,44.3.103.54
661,Helenka,Mallya,hmallyaic@ftc.gov,Female,60.70.196.110
662,Lucais,Curless,lcurlessid@accuweather.com,Male,200.223.228.168
663,Suzanna,Whytock,swhytockie@state.gov,Female,201.194.79.19
664,Brook,Koppeck,bkoppeckif@reuters.com,Male,92.245.116.35
665,Ginni,Izacenko,gizacenkoig@g.co,Female,200.53.203.252
666,Herby,Flindall,hflindallih@phoca.cz,Male,98.141.172.50
667,Thain,Piner,tpinerii@hostgator.com,Male,248.164.226.79
668,Breanne,Senechault,bsenechaultij@yellowbook.com,Female,41.11.10.8
669,Hyacinthia,Rawstorne,hrawstorneik@phoca.cz,Female,212.211.49.78
670,Alexandros,McClurg,amcclurgil@springer.com,Male,187.62.109.141
671,Lock,Abrahamson,labrahamsonim@usnews.com,Male,220.20.195.107
672,Richmond,Hopewell,rhopewellin@craigslist.org,Male,76.191.96.179
673,Raynard,Kuzma,rkuzmaio@admin.ch,Male,203.208.1.54
674,Clim,Delgado,cdelgadoip@miitbeian.gov.cn,Male,46.186.207.246
675,Nert,Cammidge,ncammidgeiq@altervista.org,Female,201.18.81.178
676,Jed,Arblaster,jarblasterir@apple.com,Male,195.100.44.28
677,Libbi,Waliszek,lwaliszekis@ebay.co.uk,Female,249.66.135.70
678,Lonee,Smitherman,lsmithermanit@wp.com,Female,86.156.119.14
679,Michail,Pughsley,mpughsleyiu@usa.gov,Male,103.56.76.77
680,Kincaid,Hearnaman,khearnamaniv@ezinearticles.com,Male,202.120.90.234
681,Phineas,Raggles,pragglesiw@blinklist.com,Male,244.128.149.224
682,Kristine,Hatherley,khatherleyix@discovery.com,Female,80.73.193.230
683,Gertie,Cusworth,gcusworthiy@fema.gov,Female,10.253.106.123
684,Sholom,Geri,sgeriiz@berkeley.edu,Male,155.154.86.99
685,Lesley,Scrivin,lscrivinj0@facebook.com,Male,141.16.18.186
686,Trenna,Killen,tkillenj1@vk.com,Female,149.115.71.233
687,Devlen,Rodenborch,drodenborchj2@intel.com,Male,141.4.72.180
688,Vinnie,Sandy,vsandyj3@youtube.com,Male,241.240.33.38
689,Barth,Robotham,brobothamj4@istockphoto.com,Male,189.82.79.186
690,Charil,Berrecloth,cberreclothj5@yolasite.com,Female,146.22.189.151
691,Stefano,Renwick,srenwickj6@zdnet.com,Male,4.42.189.191
692,Retha,Kinghorne,rkinghornej7@webs.com,Female,101.65.237.27
693,Anette,Fillimore,afillimorej8@discovery.com,Female,65.4.35.211
694,Harriette,Fogarty,hfogartyj9@paypal.com,Female,14.36.170.107
695,Kathryn,Acome,kacomeja@state.tx.us,Female,130.184.99.188
696,Gal,Haime,ghaimejb@nih.gov,Male,115.75.119.97
697,Linc,Butting,lbuttingjc@tmall.com,Male,72.78.0.62
698,Jonas,Strotone,jstrotonejd@ebay.com,Male,37.237.76.169
699,Hunter,Easdon,heasdonje@wired.com,Male,203.44.8.7
700,Yulma,Morston,ymorstonjf@redcross.org,Male,254.98.243.158
701,Rusty,Eye,reyejg@angelfire.com,Male,105.95.34.149
702,Linus,Iddison,liddisonjh@technorati.com,Male,171.231.66.254
703,Ker,Synder,ksynderji@amazon.com,Male,206.151.64.98
704,Shem,Delafoy,sdelafoyjj@infoseek.co.jp,Male,40.10.59.106
705,Kara,Caplen,kcaplenjk@sfgate.com,Female,245.140.154.160
706,Beatriz,Ritchman,britchmanjl@sfgate.com,Female,131.157.44.213
707,Morly,Axten,maxtenjm@google.de,Male,77.208.93.56
708,Eartha,Pirazzi,epirazzijn@theguardian.com,Female,0.190.0.63
709,Giusto,Zavattari,gzavattarijo@latimes.com,Male,223.91.183.46
710,Moria,Redholls,mredhollsjp@meetup.com,Female,112.14.120.175
711,Si,Sherer,sshererjq@reverbnation.com,Male,73.161.140.108
712,Colin,Littrell,clittrelljr@multiply.com,Male,221.64.142.75
713,Tamarah,Deniscke,tdenisckejs@xrea.com,Female,134.158.73.170
714,Carree,Bumphries,cbumphriesjt@boston.com,Female,39.232.90.10
715,Petronilla,Dutteridge,pdutteridgeju@dmoz.org,Female,125.41.153.147
716,Sarah,Benezeit,sbenezeitjv@wikipedia.org,Female,182.112.229.78
717,Spense,Rusk,sruskjw@omniture.com,Male,75.186.3.35
718,Renaldo,Loding,rlodingjx@ovh.net,Male,22.3.103.207
719,Alexio,McRobb,amcrobbjy@vimeo.com,Male,13.99.115.52
720,Barri,Perfitt,bperfittjz@cbc.ca,Male,178.48.231.51
721,Natividad,Babbidge,nbabbidgek0@go.com,Female,61.14.203.88
722,Birgit,Scutchin,bscutchink1@lycos.com,Female,161.247.188.176
723,Ibrahim,Scanes,iscanesk2@ucla.edu,Male,247.38.193.241
724,Goldi,Pauley,gpauleyk3@storify.com,Female,158.13.177.9
725,Abramo,Hoyte,ahoytek4@shop-pro.jp,Male,198.85.202.61
726,Margeaux,Salleir,msalleirk5@usa.gov,Female,6.228.63.29
727,Corenda,Asker,caskerk6@prweb.com,Female,129.39.233.77
728,Brantley,Harg,bhargk7@diigo.com,Male,34.242.0.144
729,Libbi,Cashell,lcashellk8@drupal.org,Female,15.33.94.22
730,Drugi,Telling,dtellingk9@comcast.net,Male,66.4.69.188
731,Gayle,Gristwood,ggristwoodka@netlog.com,Male,219.145.134.15
732,Emery,Breslauer,ebreslauerkb@ucla.edu,Male,215.127.225.156
733,Nerti,Phin,nphinkc@wordpress.com,Female,156.34.9.116
734,Bernarr,MacCauley,bmaccauleykd@sourceforge.net,Male,117.100.187.235
735,Laverna,Navarre,lnavarreke@stumbleupon.com,Female,100.101.116.176
736,Zachary,Braghini,zbraghinikf@geocities.jp,Male,3.148.192.120
737,Timothy,Gottelier,tgottelierkg@ebay.com,Male,225.247.149.139
738,Sarge,Scurman,sscurmankh@sourceforge.net,Male,115.12.226.35
739,Alan,Meech,ameechki@si.edu,Male,240.195.79.214
740,Stacia,Ros,sroskj@usgs.gov,Female,35.80.149.179
741,Tadd,Jinkins,tjinkinskk@fema.gov,Male,104.134.107.199
742,Emmalee,Hatcher,ehatcherkl@npr.org,Female,3.206.213.70
743,Lydie,Bigly,lbiglykm@google.com,Female,208.134.240.21
744,Ranice,Donativo,rdonativokn@fda.gov,Female,9.73.54.32
745,Tallia,Di Iorio,tdiiorioko@amazon.com,Female,227.77.57.107
746,Arluene,Bysaker,abysakerkp@google.pl,Female,45.17.49.13
747,Rochelle,Hush,rhushkq@sphinn.com,Female,158.180.130.76
748,Deborah,Huccaby,dhuccabykr@state.gov,Female,65.86.213.25
749,Leandra,Goodenough,lgoodenoughks@aboutads.info,Female,201.234.15.105
750,Keane,Brosoli,kbrosolikt@ebay.com,Male,241.108.6.108
751,Naomi,Tesauro,ntesauroku@thetimes.co.uk,Female,48.177.136.185
752,Lorin,Abrahim,labrahimkv@ucoz.ru,Male,162.169.2.71
753,Loria,Suermeiers,lsuermeierskw@nhs.uk,Female,129.94.250.232
754,Jase,Gritskov,jgritskovkx@hubpages.com,Male,170.216.223.97
755,Norma,Jeaffreson,njeaffresonky@qq.com,Female,115.123.6.190
756,Demetria,Huffy,dhuffykz@un.org,Female,97.67.18.18
757,Tatiana,Lindenbluth,tlindenbluthl0@dropbox.com,Female,223.5.213.109
758,Kalinda,Santarelli,ksantarellil1@jalbum.net,Female,222.227.6.142
759,Natalya,Simioli,nsimiolil2@canalblog.com,Female,42.15.125.175
760,Hobey,Sidry,hsidryl3@princeton.edu,Male,143.81.82.69
761,York,Philcott,yphilcottl4@addthis.com,Male,212.208.35.123
762,Nelle,Abdie,nabdiel5@topsy.com,Female,114.58.187.245
763,Bryn,Lucock,blucockl6@army.mil,Female,16.231.87.98
764,Meir,Balas,mbalasl7@amazon.co.uk,Male,244.18.55.223
765,Danella,Olivet,dolivetl8@com.com,Female,202.129.2.50
766,Lyndy,Robison,lrobisonl9@unblog.fr,Female,156.62.0.131
767,Nessa,Ruslin,nruslinla@nifty.com,Female,75.191.172.230
768,Jon,Thinn,jthinnlb@hud.gov,Male,207.23.241.184
769,Cornelius,Capinetti,ccapinettilc@phoca.cz,Male,57.154.242.112
770,Catha,Pendrid,cpendridld@wunderground.com,Female,139.95.186.220
771,Janenna,Nelmes,jnelmesle@army.mil,Female,114.57.249.217
772,Wilmar,Cesaric,wcesariclf@canalblog.com,Male,57.173.230.34
773,Domenico,Hullyer,dhullyerlg@bravesites.com,Male,162.154.39.156
774,Jacquelin,Jaggli,jjagglilh@de.vu,Female,183.142.112.179
775,Romeo,Costard,rcostardli@e-recht24.de,Male,167.74.50.219
776,Dicky,Aves,daveslj@apache.org,Male,53.195.88.80
777,Nadean,Attoe,nattoelk@ycombinator.com,Female,119.40.114.206
778,Winifred,Vardon,wvardonll@state.tx.us,Female,102.199.170.134
779,Paxon,Doddrell,pdoddrelllm@constantcontact.com,Male,207.42.64.186
780,Adele,Dutteridge,adutteridgeln@youtube.com,Female,147.132.40.194
781,Raddie,Bilham,rbilhamlo@oaic.gov.au,Male,122.251.99.170
782,Tiler,Weed,tweedlp@sohu.com,Male,21.139.201.106
783,Patric,Rupke,prupkelq@shareasale.com,Male,73.111.54.154
784,Oberon,Yglesia,oyglesialr@tinypic.com,Male,36.125.25.61
785,Nye,Derrell,nderrellls@vimeo.com,Male,181.209.210.200
786,Valdemar,Quickfall,vquickfalllt@cmu.edu,Male,31.134.43.6
787,Elva,Bernhardt,ebernhardtlu@soup.io,Female,65.70.221.137
788,Cairistiona,Beeze,cbeezelv@example.com,Female,184.47.74.179
789,Kingsly,Clewarth,kclewarthlw@ustream.tv,Male,249.55.24.227
790,Evangelina,MacSwayde,emacswaydelx@gizmodo.com,Female,66.201.198.36
791,Kale,Stopforth,kstopforthly@squarespace.com,Male,163.42.105.50
792,Eddie,Lukes,elukeslz@networksolutions.com,Male,10.104.233.99
793,Merrick,Hancock,mhancockm0@tiny.cc,Male,70.180.14.55
794,Rosaline,Giorio,rgioriom1@free.fr,Female,145.207.137.43
795,Abie,McAlinden,amcalindenm2@mashable.com,Male,160.60.211.5
796,Nathanael,Peltz,npeltzm3@dmoz.org,Male,238.207.192.130
797,Burl,Breakwell,bbreakwellm4@ucoz.com,Male,123.67.253.219
798,Bryn,Wankling,bwanklingm5@statcounter.com,Male,115.241.189.206
799,Chandra,Kidman,ckidmanm6@dropbox.com,Female,110.17.223.5
800,Humberto,Hens,hhensm7@lycos.com,Male,201.80.103.107
801,Matti,Kerby,mkerbym8@photobucket.com,Female,157.83.199.226
802,Liesa,Lisamore,llisamorem9@bing.com,Female,22.233.2.176
803,Homerus,Hartburn,hhartburnma@npr.org,Male,156.144.107.244
804,Blancha,Lemanu,blemanumb@macromedia.com,Female,141.196.176.67
805,Si,Boustead,sbousteadmc@joomla.org,Male,204.78.19.69
806,Myrvyn,Sandle,msandlemd@hud.gov,Male,153.21.183.6
807,Saleem,Waltho,swalthome@constantcontact.com,Male,165.188.93.9
808,Gaspard,Goodyer,ggoodyermf@webs.com,Male,69.124.96.9
809,Sibylla,Hourahan,shourahanmg@usatoday.com,Female,96.58.119.51
810,Anett,Folds,afoldsmh@samsung.com,Female,112.34.67.124
811,Nikoletta,Gynni,ngynnimi@yandex.ru,Female,147.181.33.188
812,Florance,Gallandre,fgallandremj@eepurl.com,Female,180.224.239.191
813,Eliza,Frantz,efrantzmk@java.com,Female,90.227.170.60
814,Huntington,MacGillicuddy,hmacgillicuddyml@oakley.com,Male,126.0.65.241
815,Katerina,Vidgeon,kvidgeonmm@usnews.com,Female,249.56.34.68
816,Mick,Dicks,mdicksmn@yellowpages.com,Male,41.44.161.69
817,Leonid,Milesop,lmilesopmo@unblog.fr,Male,242.251.87.178
818,Dallas,Halgarth,dhalgarthmp@pagesperso-orange.fr,Female,139.168.100.107
819,Margaret,Yakobovitz,myakobovitzmq@ft.com,Female,80.227.246.100
820,Heath,Lisett,hlisettmr@geocities.com,Male,116.200.43.82
821,Roseanna,Bellamy,rbellamyms@github.io,Female,232.61.234.120
822,Shane,Virr,svirrmt@lycos.com,Female,213.163.4.239
823,Rem,Trayling,rtraylingmu@altervista.org,Male,207.165.118.51
824,Harmony,Durdle,hdurdlemv@facebook.com,Female,29.32.31.8
825,Fawn,Van Hove,fvanhovemw@moonfruit.com,Female,226.231.108.83
826,Benedetto,Itter,bittermx@mediafire.com,Male,143.11.120.10
827,Sunny,Cornels,scornelsmy@cdbaby.com,Male,216.120.7.8
828,Alejandro,Marking,amarkingmz@wix.com,Male,0.128.82.241
829,Franciska,Sturm,fsturmn0@noaa.gov,Female,18.104.177.196
830,Wynny,Hirschmann,whirschmannn1@rambler.ru,Female,22.68.126.104
831,Georgetta,Agiolfinger,gagiolfingern2@toplist.cz,Female,129.195.44.150
832,Burty,Slocum,bslocumn3@yellowbook.com,Male,251.231.151.94
833,Broderic,Newrick,bnewrickn4@noaa.gov,Male,164.32.228.18
834,Kenna,Sumsion,ksumsionn5@youku.com,Female,118.154.44.0
835,Jodie,Gentery,jgenteryn6@edublogs.org,Female,120.254.142.236
836,Luis,Bank,lbankn7@plala.or.jp,Male,20.104.209.103
837,Candida,Ragot,cragotn8@smugmug.com,Female,21.223.94.83
838,Candide,Comport,ccomportn9@discovery.com,Female,108.210.76.197
839,Carl,Smallcombe,csmallcombena@theglobeandmail.com,Male,167.130.4.157
840,Llewellyn,Pauli,lpaulinb@facebook.com,Male,146.135.172.86
841,Mallissa,Rumsey,mrumseync@chron.com,Female,84.5.33.193
842,Bernetta,Rehm,brehmnd@cafepress.com,Female,137.154.47.157
843,Abelard,Dael,adaelne@cyberchimps.com,Male,133.80.139.132
844,Archy,Stookes,astookesnf@t.co,Male,11.36.136.202
845,Reider,Jeanesson,rjeanessonng@bbc.co.uk,Male,34.128.136.28
846,Joya,Krause,jkrausenh@zdnet.com,Female,165.121.90.116
847,King,Williamson,kwilliamsonni@samsung.com,Male,248.245.248.172
848,Binky,Raper,brapernj@theatlantic.com,Male,236.188.48.225
849,Garvy,Aldersley,galdersleynk@cornell.edu,Male,234.32.234.237
850,Alic,Odger,aodgernl@wikispaces.com,Male,36.136.133.232
851,Ingelbert,Frankham,ifrankhamnm@twitter.com,Male,46.36.36.78
852,Daryn,Crame,dcramenn@slate.com,Female,76.103.57.35
853,Cullin,Burnand,cburnandno@purevolume.com,Male,22.68.103.129
854,Alexine,Bickerstaff,abickerstaffnp@booking.com,Female,152.22.152.165
855,Dalila,Ferentz,dferentznq@tripod.com,Female,23.237.236.17
856,Camile,Hulme,chulmenr@mozilla.com,Female,118.105.16.231
857,Hattie,McKevitt,hmckevittns@live.com,Female,209.116.62.96
858,Datha,Wimbush,dwimbushnt@ox.ac.uk,Female,173.13.188.170
859,Lorne,Lakey,llakeynu@typepad.com,Male,119.87.190.25
860,Lia,Chaplyn,lchaplynnv@cornell.edu,Female,190.131.106.17
861,Sydney,Try,strynw@businessweek.com,Female,213.155.137.27
862,Marlee,Seagood,mseagoodnx@nationalgeographic.com,Female,245.213.129.100
863,Bond,Gilbert,bgilbertny@purevolume.com,Male,159.41.168.31
864,Germayne,Cherry Holme,gcherryholmenz@networksolutions.com,Male,141.110.16.4
865,Evelina,Exrol,eexrolo0@example.com,Female,219.157.202.145
866,Derron,Pleuman,dpleumano1@myspace.com,Male,67.151.33.123
867,Sanford,Mecco,smeccoo2@jimdo.com,Male,47.22.171.130
868,Marna,Ibbetson,mibbetsono3@t-online.de,Female,231.71.132.159
869,Arlyn,D'Adamo,adadamoo4@amazon.co.jp,Female,2.244.67.172
870,Evie,Gould,egouldo5@over-blog.com,Female,72.76.227.100
871,Zsa zsa,Winterton,zwintertono6@google.nl,Female,77.177.232.216
872,Filippo,Vaune,fvauneo7@dell.com,Male,145.133.233.113
873,Codie,Killen,ckilleno8@i2i.jp,Female,173.151.169.209
874,Sky,McCormack,smccormacko9@vistaprint.com,Male,72.55.116.51
875,Penelopa,Neaverson,pneaversonoa@webs.com,Female,118.199.42.237
876,Bernardine,Farady,bfaradyob@ustream.tv,Female,23.53.220.83
877,Bernard,Landsman,blandsmanoc@blogspot.com,Male,65.230.202.141
878,Toinette,Frango,tfrangood@mashable.com,Female,40.63.49.77
879,Laughton,Brecken,lbreckenoe@example.com,Male,124.243.242.91
880,Beatrice,Belison,bbelisonof@goo.ne.jp,Female,240.113.133.127
881,Kassi,Manueli,kmanueliog@mozilla.org,Female,200.38.208.130
882,Myron,Cerro,mcerrooh@msu.edu,Male,205.198.129.193
883,Cristabel,Harmeston,charmestonoi@va.gov,Female,221.90.183.72
884,Jonas,Glover,jgloveroj@squidoo.com,Male,189.142.225.175
885,Serge,Shovelton,sshoveltonok@gmpg.org,Male,37.152.190.217
886,Kerwinn,Matthias,kmatthiasol@joomla.org,Male,33.91.2.244
887,Tilda,Stevens,tstevensom@epa.gov,Female,143.238.61.235
888,Katheryn,Sivyour,ksivyouron@4shared.com,Female,43.145.190.43
889,Callean,Robeson,crobesonoo@guardian.co.uk,Male,60.162.151.221
890,Milka,De Filippi,mdefilippiop@examiner.com,Female,140.26.40.55
891,Dicky,Gillis,dgillisoq@about.me,Male,138.61.242.140
892,Malachi,Aumerle,maumerleor@ameblo.jp,Male,145.42.40.209
893,Lutero,Fevier,lfevieros@hc360.com,Male,61.139.13.76
894,Dolorita,MacAree,dmacareeot@acquirethisname.com,Female,33.124.91.184
895,Marshall,St. Aubyn,mstaubynou@dagondesign.com,Male,3.89.22.203
896,Averill,Carder,acarderov@4shared.com,Male,151.64.121.47
897,Lianna,Linebarger,llinebargerow@github.com,Female,37.156.248.11
898,Nefen,Grimbaldeston,ngrimbaldestonox@deliciousdays.com,Male,47.233.56.181
899,Fraze,Leeder,fleederoy@wikia.com,Male,195.206.69.172
900,Giorgi,Elgood,gelgoodoz@usgs.gov,Male,64.62.174.142
901,Quinta,Medling,qmedlingp0@intel.com,Female,137.143.157.92
902,Davie,Rubica,drubicap1@cocolog-nifty.com,Male,68.123.218.163
903,Norry,Blanshard,nblanshardp2@twitpic.com,Female,91.28.247.131
904,Faina,Bottom,fbottomp3@paginegialle.it,Female,171.185.42.87
905,Adamo,Gonzalvo,agonzalvop4@hao123.com,Male,118.230.104.72
906,Roseline,Horribine,rhorribinep5@utexas.edu,Female,161.85.240.247
907,Paige,Harnett,pharnettp6@cdc.gov,Female,185.117.28.43
908,Conan,Heeps,cheepsp7@diigo.com,Male,239.97.213.89
909,Niall,Whifen,nwhifenp8@prnewswire.com,Male,181.164.66.111
910,Kristel,Splevin,ksplevinp9@ocn.ne.jp,Female,38.141.243.39
911,Cinderella,Girkins,cgirkinspa@marriott.com,Female,166.158.91.111
912,Nobie,McKew,nmckewpb@blogspot.com,Male,165.234.222.40
913,Teodoor,Cockran,tcockranpc@mapy.cz,Male,54.148.151.47
914,Haleigh,Payne,hpaynepd@ed.gov,Female,226.236.55.188
915,Debbie,Lovel,dlovelpe@xing.com,Female,172.199.174.169
916,Lucy,Depke,ldepkepf@nasa.gov,Female,43.103.18.220
917,Jose,Whitewood,jwhitewoodpg@de.vu,Male,164.130.24.113
918,Merwyn,Shortan,mshortanph@cnet.com,Male,17.151.143.213
919,Serena,Cansdall,scansdallpi@cdbaby.com,Female,180.167.204.195
920,Carolin,Tingcomb,ctingcombpj@nba.com,Female,232.86.9.76
921,Linus,Dalgleish,ldalgleishpk@tuttocitta.it,Male,224.210.23.208
922,Leodora,Van Halle,lvanhallepl@census.gov,Female,51.170.74.162
923,Fernando,Thon,fthonpm@unc.edu,Male,220.36.228.200
924,Homere,Riddlesden,hriddlesdenpn@cmu.edu,Male,139.79.100.213
925,Cash,Tison,ctisonpo@princeton.edu,Male,253.225.57.74
926,Eal,Seydlitz,eseydlitzpp@ucoz.com,Male,86.61.120.79
927,Rodi,Keep,rkeeppq@google.co.jp,Female,151.13.231.134
928,Cecilio,Biernacki,cbiernackipr@clickbank.net,Male,64.229.182.43
929,Neala,Philipard,nphilipardps@vk.com,Female,165.18.26.67
930,L;urette,Thornthwaite,lthornthwaitept@geocities.jp,Female,234.193.28.63
931,Itch,Searight,isearightpu@discuz.net,Male,164.53.220.125
932,Dniren,Bridel,dbridelpv@cargocollective.com,Female,241.69.28.184
933,Flynn,Papa,fpapapw@delicious.com,Male,30.81.77.190
934,Loralee,Jancik,ljancikpx@newsvine.com,Female,184.134.227.72
935,Paddy,Licciardo,plicciardopy@youtube.com,Male,178.62.213.244
936,Paxon,Lithcow,plithcowpz@phpbb.com,Male,40.100.116.250
937,Rich,Clerke,rclerkeq0@flavors.me,Male,211.3.74.53
938,Merrick,Kalvin,mkalvinq1@businessweek.com,Male,2.160.52.127
939,Rosemary,Shrimpton,rshrimptonq2@narod.ru,Female,8.62.175.251
940,Sheela,Lilley,slilleyq3@accuweather.com,Female,127.183.144.83
941,Shepperd,Comiam,scomiamq4@bigcartel.com,Male,81.204.83.174
942,Emmit,Jacson,ejacsonq5@arizona.edu,Male,70.236.94.101
943,Melicent,Spoerl,mspoerlq6@about.com,Female,171.42.26.226
944,Kanya,Verrier,kverrierq7@sogou.com,Female,190.190.20.20
945,Sandra,Billington,sbillingtonq8@chron.com,Female,104.216.189.60
946,Evaleen,Crombie,ecrombieq9@eventbrite.com,Female,13.81.222.42
947,Andreas,Cullinan,acullinanqa@moonfruit.com,Male,33.80.231.44
948,Hillary,Thornborrow,hthornborrowqb@gov.uk,Female,40.135.150.122
949,Christopher,Vitler,cvitlerqc@hexun.com,Male,254.247.13.171
950,Terencio,Champerlen,tchamperlenqd@livejournal.com,Male,84.136.168.44
951,Marlo,Van Niekerk,mvanniekerkqe@seesaa.net,Female,211.196.8.108
952,Mirabel,Haile,mhaileqf@rediff.com,Female,97.246.132.37
953,Elle,Lidgerton,elidgertonqg@wsj.com,Female,246.32.40.118
954,Tammie,Inkles,tinklesqh@example.com,Female,43.95.183.44
955,Brendin,Karran,bkarranqi@dailymotion.com,Male,137.182.34.74
956,Yorgo,Parkey,yparkeyqj@foxnews.com,Male,17.167.163.41
957,Sibby,Bastow,sbastowqk@foxnews.com,Female,200.139.148.252
958,Ozzie,Huff,ohuffql@amazon.co.uk,Male,178.78.106.120
959,Nicolas,Seys,nseysqm@wikispaces.com,Male,72.226.61.9
960,Carr,de Pinna,cdepinnaqn@hp.com,Male,54.155.201.52
961,Jemmy,Hubbuck,jhubbuckqo@weibo.com,Female,78.154.108.40
962,Artemis,Campey,acampeyqp@virginia.edu,Male,183.12.123.230
963,Brigid,Krause,bkrauseqq@wikia.com,Female,58.214.26.170
964,Burk,Olcot,bolcotqr@devhub.com,Male,67.76.32.9
965,Brantley,Witherby,bwitherbyqs@goodreads.com,Male,108.8.214.252
966,Jessika,MacPaike,jmacpaikeqt@networksolutions.com,Female,253.202.96.124
967,Kylynn,Ickovici,kickoviciqu@theatlantic.com,Female,177.201.117.92
968,Cesya,Bard,cbardqv@wordpress.org,Female,37.146.63.92
969,Philipa,Margerison,pmargerisonqw@friendfeed.com,Female,177.65.118.229
970,Barnett,Phidgin,bphidginqx@time.com,Male,70.151.212.56
971,Lavena,Treasaden,ltreasadenqy@homestead.com,Female,239.223.149.55
972,Fey,Olander,folanderqz@tinypic.com,Female,3.187.130.105
973,Janene,Vagg,jvaggr0@home.pl,Female,4.37.47.29
974,Erda,Yegorchenkov,eyegorchenkovr1@ucsd.edu,Female,204.193.221.57
975,Chrissie,Bilbrooke,cbilbrooker2@apple.com,Male,222.29.166.100
976,Britta,Baudi,bbaudir3@adobe.com,Female,234.28.95.231
977,Bambi,Fuxman,bfuxmanr4@hhs.gov,Female,206.97.17.16
978,Perceval,Kivits,pkivitsr5@eepurl.com,Male,113.107.9.11
979,Paco,Dobbs,pdobbsr6@edublogs.org,Male,158.64.244.225
980,Cirillo,Marielle,cmarieller7@mtv.com,Male,70.199.23.146
981,Una,Birkett,ubirkettr8@mysql.com,Female,129.3.193.211
982,Mauricio,Giovanetti,mgiovanettir9@odnoklassniki.ru,Male,151.110.190.117
983,Graeme,Chawkley,gchawkleyra@samsung.com,Male,136.24.70.24
984,Rosaleen,Jindrak,rjindrakrb@census.gov,Female,216.207.30.149
985,Sharia,Padly,spadlyrc@wired.com,Female,56.14.210.223
986,Devon,Cranfield,dcranfieldrd@hhs.gov,Female,145.116.36.57
987,Jerrilee,Kilgrove,jkilgrovere@samsung.com,Female,11.141.100.212
988,Deloria,Tewkesberry,dtewkesberryrf@google.cn,Female,232.72.116.20
989,Erna,Hackney,ehackneyrg@foxnews.com,Female,72.242.93.30
990,Madison,Joskowicz,mjoskowiczrh@shareasale.com,Male,29.116.193.238
991,Kayley,Baradel,kbaradelri@drupal.org,Female,65.198.142.103
992,Skippy,Harefoot,sharefootrj@g.co,Male,144.15.137.139
993,Emmye,Sparke,esparkerk@tinypic.com,Female,58.201.57.114
994,Gayler,Wythe,gwytherl@redcross.org,Male,161.71.97.115
995,Zacharie,Jeckells,zjeckellsrm@skyrock.com,Male,60.10.3.188
996,Taddeo,Swaysland,tswayslandrn@cisco.com,Male,201.71.41.99
997,Isaiah,Wigmore,iwigmorero@nytimes.com,Male,179.56.151.20
998,Denny,Duffett,dduffettrp@myspace.com,Male,247.31.5.56
999,Catlee,Dysert,cdysertrq@canalblog.com,Female,5.1.25.107
1000,Felix,Livermore,flivermorerr@wufoo.com,Male,130.221.67.9
